,precision,recall,f1
rr,0.4745762711864407,0.7368421052631579,0.577319587628866
svr,0.43661971830985913,0.8157894736842105,0.5688073394495413
lr,0.4805194805194805,0.9736842105263158,0.6434782608695653
svc,0.5066666666666667,1.0,0.6725663716814159
