,precision,recall,f1
rr,0.5384615384615384,0.7368421052631579,0.6222222222222222
svr,0.43243243243243246,0.8421052631578947,0.5714285714285715
lr,0.5285714285714286,0.9736842105263158,0.6851851851851852
svc,0.5507246376811594,1.0,0.7102803738317757
