,precision,recall,f1
rr,0.2894736842105263,0.868421052631579,0.43421052631578955
svr,0.5625,0.7105263157894737,0.627906976744186
lr,0.5223880597014925,0.9210526315789473,0.6666666666666666
svc,0.5,0.8157894736842105,0.62
