,precision,recall,f1
rr,0.32989690721649484,0.8421052631578947,0.47407407407407415
svr,0.32038834951456313,0.868421052631579,0.4680851063829788
lr,0.5070422535211268,0.9473684210526315,0.6605504587155963
svc,0.4714285714285714,0.868421052631579,0.6111111111111112
