,precision,recall,f1
rr,0.390625,0.6578947368421053,0.4901960784313726
svr,0.4603174603174603,0.7631578947368421,0.5742574257425742
lr,0.4925373134328358,0.868421052631579,0.6285714285714284
svc,0.46774193548387094,0.7631578947368421,0.5800000000000001
