,precision,recall,f1
rr,0.35106382978723405,0.868421052631579,0.5
svr,0.32038834951456313,0.868421052631579,0.4680851063829788
lr,0.5142857142857142,0.9473684210526315,0.6666666666666666
svc,0.5161290322580645,0.8421052631578947,0.6399999999999999
