,precision,recall,f1
rr,0.31521739130434784,0.7631578947368421,0.4461538461538462
svr,0.4406779661016949,0.6842105263157895,0.5360824742268041
lr,0.5555555555555556,0.7894736842105263,0.6521739130434783
svc,0.5294117647058824,0.7105263157894737,0.6067415730337078
