,precision,recall,f1
rr,0.2897196261682243,0.8157894736842105,0.4275862068965517
svr,0.3880597014925373,0.6842105263157895,0.4952380952380952
lr,0.5769230769230769,0.7894736842105263,0.6666666666666666
svc,0.5471698113207547,0.7631578947368421,0.6373626373626373
