,precision,recall,f1
rr,0.45161290322580644,0.7368421052631579,0.56
svr,0.4603174603174603,0.7631578947368421,0.5742574257425742
lr,0.5,0.8157894736842105,0.62
svc,0.5172413793103449,0.7894736842105263,0.625
