,precision,recall,f1
rr,0.30392156862745096,0.8157894736842105,0.4428571428571429
svr,0.5,0.6842105263157895,0.5777777777777778
lr,0.5166666666666667,0.8157894736842105,0.6326530612244898
svc,0.5185185185185185,0.7368421052631579,0.6086956521739131
