,precision,recall,f1
rr,0.32653061224489793,0.8421052631578947,0.4705882352941176
svr,0.5,0.7631578947368421,0.6041666666666667
lr,0.5,0.9473684210526315,0.6545454545454545
svc,0.5076923076923077,0.868421052631579,0.6407766990291263
