,precision,recall,f1
rr,0.4666666666666667,0.7368421052631579,0.5714285714285714
svr,0.40789473684210525,0.8157894736842105,0.5438596491228069
lr,0.5211267605633803,0.9736842105263158,0.6788990825688074
svc,0.4507042253521127,0.8421052631578947,0.5871559633027522
