,precision,recall,f1
rr,0.509090909090909,0.7368421052631579,0.6021505376344085
svr,0.49206349206349204,0.8157894736842105,0.6138613861386139
lr,0.5138888888888888,0.9736842105263158,0.6727272727272727
svc,0.4931506849315068,0.9473684210526315,0.6486486486486486
