,precision,recall,f1
rr,0.3902439024390244,0.8421052631578947,0.5333333333333333
svr,0.32038834951456313,0.868421052631579,0.4680851063829788
lr,0.6065573770491803,0.9736842105263158,0.7474747474747474
svc,0.5714285714285714,0.8421052631578947,0.6808510638297872
