,precision,recall,f1
rr,0.49122807017543857,0.7368421052631579,0.5894736842105264
svr,0.4305555555555556,0.8157894736842105,0.5636363636363637
lr,0.5362318840579711,0.9736842105263158,0.6915887850467289
svc,0.5211267605633803,0.9736842105263158,0.6788990825688074
