,precision,recall,f1
rr,0.33695652173913043,0.8157894736842105,0.47692307692307695
svr,0.45901639344262296,0.7368421052631579,0.5656565656565656
lr,0.5454545454545454,0.9473684210526315,0.6923076923076923
svc,0.5362318840579711,0.9736842105263158,0.6915887850467289
