,precision,recall,f1
rr,0.38823529411764707,0.868421052631579,0.5365853658536586
svr,0.3090909090909091,0.8947368421052632,0.45945945945945943
lr,0.5079365079365079,0.8421052631578947,0.6336633663366337
svc,0.5370370370370371,0.7631578947368421,0.6304347826086957
