,precision,recall,f1
rr,0.39759036144578314,0.868421052631579,0.5454545454545454
svr,0.38636363636363635,0.8947368421052632,0.5396825396825397
lr,0.5573770491803278,0.8947368421052632,0.686868686868687
svc,0.5714285714285714,0.7368421052631579,0.6436781609195403
