,precision,recall,f1
rr,0.4024390243902439,0.868421052631579,0.5499999999999999
svr,0.4125,0.868421052631579,0.5593220338983051
lr,0.5849056603773585,0.8157894736842105,0.6813186813186812
svc,0.6428571428571429,0.7105263157894737,0.6749999999999999
