,precision,recall,f1
rr,0.24647887323943662,0.9210526315789473,0.38888888888888895
svr,0.4230769230769231,0.868421052631579,0.5689655172413792
lr,0.5789473684210527,0.868421052631579,0.6947368421052632
svc,0.6,0.7105263157894737,0.6506024096385543
