,precision,recall,f1
rr,0.39473684210526316,0.7894736842105263,0.5263157894736843
svr,0.4603174603174603,0.7631578947368421,0.5742574257425742
lr,0.6607142857142857,0.9736842105263158,0.7872340425531915
svc,0.6379310344827587,0.9736842105263158,0.7708333333333335
