,precision,recall,f1
rr,0.4647887323943662,0.868421052631579,0.6055045871559632
svr,0.43037974683544306,0.8947368421052632,0.5811965811965812
lr,0.64,0.8421052631578947,0.7272727272727272
svc,0.6,0.631578947368421,0.6153846153846154
