,precision,recall,f1
rr,0.4307692307692308,0.7368421052631579,0.5436893203883496
svr,0.417910447761194,0.7368421052631579,0.5333333333333332
lr,0.5138888888888888,0.9736842105263158,0.6727272727272727
svc,0.48,0.9473684210526315,0.6371681415929203
