,precision,recall,f1
rr,0.4057971014492754,0.7368421052631579,0.5233644859813084
svr,0.3972602739726027,0.7631578947368421,0.5225225225225225
lr,0.4805194805194805,0.9736842105263158,0.6434782608695653
svc,0.4507042253521127,0.8421052631578947,0.5871559633027522
