,precision,recall,f1
rr,0.32362459546925565,0.9009009009009009,0.4761904761904762
svr,0.3898916967509025,0.972972972972973,0.5567010309278351
lr,0.5914634146341463,0.8738738738738738,0.7054545454545456
svc,0.5914634146341463,0.8738738738738738,0.7054545454545456
