,precision,recall,f1
rr,0.3092485549132948,0.963963963963964,0.4682713347921225
svr,0.4305555555555556,0.8378378378378378,0.5688073394495412
lr,0.5568181818181818,0.8828828828828829,0.6829268292682926
svc,0.5433526011560693,0.8468468468468469,0.6619718309859155
