,precision,recall,f1
rr,0.3269230769230769,0.918918918918919,0.4822695035460993
svr,0.3614864864864865,0.963963963963964,0.5257985257985258
lr,0.5568181818181818,0.8828828828828829,0.6829268292682926
svc,0.5333333333333333,0.8648648648648649,0.6597938144329898
