,precision,recall,f1
rr,0.3165680473372781,0.963963963963964,0.4766146993318485
svr,0.4658385093167702,0.6756756756756757,0.5514705882352942
lr,0.5574712643678161,0.8738738738738738,0.6807017543859649
svc,0.5191256830601093,0.8558558558558559,0.6462585034013606
