,precision,recall,f1
rr,0.29545454545454547,0.9369369369369369,0.449244060475162
svr,0.3780487804878049,0.8378378378378378,0.5210084033613445
lr,0.5536723163841808,0.8828828828828829,0.6805555555555556
svc,0.510752688172043,0.8558558558558559,0.6397306397306397
